<?xml version="1.0"?>
<rss version="2.0">
<channel>
<title></title>
<link>http://www.tiddlywiki.com/</link>
<description>the social conferencing tool</description>
<language>en-us</language>
<copyright>Copyright 2007 JonLister</copyright>
<pubDate>Thu, 22 Nov 2007 12:47:30 GMT</pubDate>
<lastBuildDate>Thu, 22 Nov 2007 12:47:30 GMT</lastBuildDate>
<docs>http://blogs.law.harvard.edu/tech/rss</docs>
<generator>TiddlyWiki 2.2.6</generator>
<item>
<title>TeamSix from JonLister</title>
<description>add your own notes</description>
<category>note</category>
<category>shared</category>
<link>http://www.tiddlywiki.com/#%5B%5BTeamSix%20from%20JonLister%5D%5D</link>
<pubDate>Thu, 22 Nov 2007 12:47:27 GMT</pubDate>
<author>JonLister</author>
</item>
</channel>
</rss>