<?xml version="1.0"?>
<rss version="2.0">
<channel>
<title></title>
<link>http://www.tiddlywiki.com/</link>
<description>the social conferencing tool</description>
<language>en-us</language>
<copyright>Copyright 2007 SimonMcManus</copyright>
<pubDate>Wed, 21 Nov 2007 13:54:23 GMT</pubDate>
<lastBuildDate>Wed, 21 Nov 2007 13:54:23 GMT</lastBuildDate>
<docs>http://blogs.law.harvard.edu/tech/rss</docs>
<generator>TiddlyWiki 2.2.6</generator>
<item>
<title>TeamFour from SimonMcManus</title>
<description>its going well, the screen connected&lt;br&gt;</description>
<category>note</category>
<category>shared</category>
<link>http://www.tiddlywiki.com/#%5B%5BTeamFour%20from%20SimonMcManus%5D%5D</link>
<pubDate>Wed, 21 Nov 2007 13:54:21 GMT</pubDate>
<author>SimonMcManus</author>
</item>
</channel>
</rss>