<?xml version="1.0"?>
<rss version="2.0">
<channel>
<title></title>
<link>http://www.tiddlywiki.com/</link>
<description>the social conferencing tool</description>
<language>en-us</language>
<copyright>Copyright 2007 PaulDowney</copyright>
<pubDate>Wed, 21 Nov 2007 13:59:23 GMT</pubDate>
<lastBuildDate>Wed, 21 Nov 2007 13:59:23 GMT</lastBuildDate>
<docs>http://blogs.law.harvard.edu/tech/rss</docs>
<generator>TiddlyWiki 2.2.6</generator>
<item>
<title>TeamFour from PaulDowney</title>
<description>getting the customer to present was a really cool idea. I agree on the value of collaborative notes, distibuted across the web. Hoping Chris gets to send a &lt;a tiddlylink=&quot;SkinkersAlert&quot; refresh=&quot;link&quot; target=&quot;_blank&quot; title=&quot;External link to http://www.tiddlywiki.com/#SkinkersAlert&quot; href=&quot;http://www.tiddlywiki.com/#SkinkersAlert&quot; class=&quot;externalLink&quot;&gt;SkinkersAlert&lt;/a&gt;! &lt;a tiddlylink=&quot;hi&quot; refresh=&quot;link&quot; target=&quot;_blank&quot; title=&quot;External link to http://www.tiddlywiki.com/#hi&quot; href=&quot;http://www.tiddlywiki.com/#hi&quot; class=&quot;externalLink imageLink&quot;&gt;&lt;img src=&quot;http://farm3.static.flickr.com/2375/2052759074_979a4549a1_o.jpg&quot;&gt;&lt;/a&gt;</description>
<category>note</category>
<category>shared</category>
<category>note</category>
<category>shared</category>
<category>note</category>
<category>shared</category>
<category>note</category>
<category>shared</category>
<category>note</category>
<category>shared</category>
<category>note</category>
<category>shared</category>
<category>note</category>
<category>shared</category>
<link>http://www.tiddlywiki.com/#%5B%5BTeamFour%20from%20PaulDowney%5D%5D</link>
<pubDate>Wed, 21 Nov 2007 13:59:16 GMT</pubDate>
<author>PaulDowney</author>
</item>
</channel>
</rss>