<?xml version="1.0"?>
<rss version="2.0">
<channel>
<title></title>
<link>http://www.tiddlywiki.com/</link>
<description>the social conferencing tool</description>
<language>en-us</language>
<copyright>Copyright 2007 MartinBudden</copyright>
<pubDate>Tue, 27 Nov 2007 10:20:05 GMT</pubDate>
<lastBuildDate>Tue, 27 Nov 2007 10:20:05 GMT</lastBuildDate>
<docs>http://blogs.law.harvard.edu/tech/rss</docs>
<generator>TiddlyWiki 2.2.6</generator>
<item>
<title>TeamFour from MartinBudden</title>
<description>Added after the event</description>
<category>note</category>
<category>shared</category>
<link>http://www.tiddlywiki.com/#%5B%5BTeamFour%20from%20MartinBudden%5D%5D</link>
<pubDate>Tue, 27 Nov 2007 10:19:58 GMT</pubDate>
<author>MartinBudden</author>
</item>
</channel>
</rss>